session_id,task,user_success_rating,explanation,motion_data_available,timestamp,planning_time,inference_time,execution_time,total_time,source_file
02458efc-88e6-49f2-8869-a7dade4463d3_move_the_towel_to_the_paper_bag_then_open_the_cabi,move the towel to the paper bag then open the cabinet on the right,True,No additional details provided.,True,2025-09-13T13:00:44.347701,8.64768362045288,4.220008850097656e-05,298.48619389533997,307.1339478492737,02458efc-88e6-49f2-8869-a7dade4463d3_move_the_towel_to_the_paper_bag_then_open_the_cabi.json
03fb7418-7b41-4ca3-8f98-139f39f8936e_open_the_cabinet_on_the_right,open the cabinet on the right,True,No additional details provided.,True,2025-09-13T12:29:38.900681,3.6414248943328857,3.504753112792969e-05,133.9957685470581,137.63726234436035,03fb7418-7b41-4ca3-8f98-139f39f8936e_open_the_cabinet_on_the_right.json
04621174-9357-43f6-9c94-0b3af387ec77_take_the_towel_out_of_the_cabinet_on_the_right,take the towel out of the cabinet on the right,False,wasn't able to get a grip on the towel so did not grasp it before retracting,False,2025-09-13T14:02:19.439081,3.9715073108673096,3.457069396972656e-05,199.54074263572693,203.51231002807617,04621174-9357-43f6-9c94-0b3af387ec77_take_the_towel_out_of_the_cabinet_on_the_right.json
07da3c70-96d7-4b47-8857-2191663e1d15_move_the_towel_to_the_paper_bag_then_open_the_bott,move the towel to the paper bag then open the bottle,True,No additional details provided.,True,2025-09-13T17:41:09.450917,10.514418363571167,3.528594970703125e-05,168.2273554801941,178.74183464050293,07da3c70-96d7-4b47-8857-2191663e1d15_move_the_towel_to_the_paper_bag_then_open_the_bott.json
07f54894-d9e2-4f15-ad44-6cae63f4dd0a_open_the_bottle,open the bottle,True,No additional details provided.,True,2025-09-13T15:01:25.393294,7.440450668334961,2.956390380859375e-05,110.91940259933472,118.35990691184998,07f54894-d9e2-4f15-ad44-6cae63f4dd0a_open_the_bottle.json
0a388a7a-4671-4b1d-a000-1dc843b370a6_move_the_towel_to_the_paper_bag_then_open_the_bott,move the towel to the paper bag then open the bottle,True,No additional details provided.,True,2025-09-13T17:46:47.973226,7.437214612960815,4.00543212890625e-05,176.89761066436768,184.3348903656006,0a388a7a-4671-4b1d-a000-1dc843b370a6_move_the_towel_to_the_paper_bag_then_open_the_bott.json
0b2bd885-4913-4cab-8149-49b1969e2109_open_the_bottle,open the bottle,True,No additional details provided.,True,2025-09-13T16:30:23.868587,6.8251588344573975,5.0067901611328125e-05,115.9105634689331,122.73581528663635,0b2bd885-4913-4cab-8149-49b1969e2109_open_the_bottle.json
0e767931-88d4-46de-9015-523d53fb541c_open_the_bottle,open the bottle,False,tried to detect counter and failed,False,2025-09-13T14:49:14.864479,7.0459678173065186,3.719329833984375e-05,17.97398614883423,25.020014762878418,0e767931-88d4-46de-9015-523d53fb541c_open_the_bottle.json
13363783-b511-44e1-8f58-1c0a34fcffb4_open_the_pen,open the pen.,True,No additional details provided.,True,2025-09-14T11:19:28.299226,11.5899817943573,3.123283386230469e-05,61.77305507659912,73.36309170722961,13363783-b511-44e1-8f58-1c0a34fcffb4_open_the_pen.json
14388edd-bf64-4ca8-99b3-f505d434da58_move_the_towel_to_the_paper_bag_then_open_the_pen,move the towel to the paper bag then open the pen,True,No additional details provided.,True,2025-09-14T13:37:17.845318,8.612579584121704,3.409385681152344e-05,146.03614735603333,154.64878582954407,14388edd-bf64-4ca8-99b3-f505d434da58_move_the_towel_to_the_paper_bag_then_open_the_pen.json
1dc676bc-da19-43d5-bc5e-947f1ef8310f_open_the_pen_then_put_the_cap_in_the_paper_bag,open the pen then put the cap in the paper bag.,True,No additional details provided.,True,2025-09-14T12:08:02.365290,12.13884973526001,3.981590270996094e-05,126.5205545425415,138.65947675704956,1dc676bc-da19-43d5-bc5e-947f1ef8310f_open_the_pen_then_put_the_cap_in_the_paper_bag.json
22344aa0-c416-4d71-9568-de4c9b3d2500_open_the_pen,open the pen.,False,failed to fully remove the cap despite having a good plan,False,2025-09-14T11:13:22.238095,6.471863746643066,3.62396240234375e-05,70.9235291481018,77.39547443389893,22344aa0-c416-4d71-9568-de4c9b3d2500_open_the_pen.json
2361a01e-20d2-4100-babe-edc4bd32f050_open_the_cabinet_on_the_right,open the cabinet on the right,True,No additional details provided.,True,2025-09-13T12:12:55.633680,3.9137823581695557,6.651878356933594e-05,151.82392191886902,155.7378215789795,2361a01e-20d2-4100-babe-edc4bd32f050_open_the_cabinet_on_the_right.json
23a9c57b-1cfb-429a-9954-2924c403b513_open_the_bottle_and_put_the_cap_in_the_paper_bag,open the bottle and put the cap in the paper bag,True,No additional details provided.,True,2025-09-13T17:02:07.351065,5.482780933380127,0.00010371208190917969,135.8521318435669,141.34345078468323,23a9c57b-1cfb-429a-9954-2924c403b513_open_the_bottle_and_put_the_cap_in_the_paper_bag.json
27e7f7fb-252c-4d86-a7bf-1ae8962bac41_take_the_towel_out_of_the_cabinet_on_the_right,take the towel out of the cabinet on the right,True,No additional details provided.,True,2025-09-13T13:55:24.247387,8.745177268981934,5.793571472167969e-05,179.09728407859802,187.84255647659302,27e7f7fb-252c-4d86-a7bf-1ae8962bac41_take_the_towel_out_of_the_cabinet_on_the_right.json
2960ed19-fed8-4e1c-8c0f-314241e77559_open_the_pen_then_put_the_cap_in_the_paper_bag,open the pen then put the cap in the paper bag.,False,"chose side grasp, cap slipped out of the gripper failed to remove cap",False,2025-09-14T12:45:53.427896,10.006359815597534,3.170967102050781e-05,110.32353067398071,120.32994413375854,2960ed19-fed8-4e1c-8c0f-314241e77559_open_the_pen_then_put_the_cap_in_the_paper_bag.json
2ab6f05b-3833-4945-ac16-aaf7b272a87f_move_the_towel_to_the_paper_bag_then_open_the_bott,move the towel to the paper bag then open the bottle,True,No additional details provided.,True,2025-09-13T17:29:15.162407,8.99862289428711,6.222724914550781e-05,158.94386649131775,167.94271302223206,2ab6f05b-3833-4945-ac16-aaf7b272a87f_move_the_towel_to_the_paper_bag_then_open_the_bott.json
2c2ccb12-4d2d-4481-be99-96df8aa717d6_take_the_towel_out_of_the_cabinet_on_the_right,take the towel out of the cabinet on the right,False,tried to detect the counter and failed,False,2025-09-13T13:51:48.166607,10.307520389556885,5.221366882324219e-05,144.4103810787201,154.71798968315125,2c2ccb12-4d2d-4481-be99-96df8aa717d6_take_the_towel_out_of_the_cabinet_on_the_right.json
2f936905-f81b-4dff-8442-7a93c6b7dbcd_move_the_towel_to_the_paper_bag_then_open_the_cabi,move the towel to the paper bag then open the cabinet on the right,False,tried to use a top down grasp for the towel leading to an IK failure,False,2025-09-13T13:06:45.321034,5.063880681991577,7.104873657226562e-05,50.237404584884644,55.301400899887085,2f936905-f81b-4dff-8442-7a93c6b7dbcd_move_the_towel_to_the_paper_bag_then_open_the_cabi.json
312b8d57-0282-4474-89d5-2088fd5ccb48_open_the_pen,open the pen.,True,No additional details provided.,True,2025-09-14T11:40:13.621485,4.809695243835449,3.4332275390625e-05,71.5551609992981,76.36491656303406,312b8d57-0282-4474-89d5-2088fd5ccb48_open_the_pen.json
31a7d79d-e2d7-4586-b83a-402e58731927_open_the_bottle_and_put_the_cap_in_the_paper_bag,open the bottle and put the cap in the paper bag,False,bad grasp point on the bottle pushed it out of the clamp,False,2025-09-13T16:53:15.783901,7.769639492034912,4.696846008300781e-05,112.11632800102234,119.88606262207031,31a7d79d-e2d7-4586-b83a-402e58731927_open_the_bottle_and_put_the_cap_in_the_paper_bag.json
32a9a683-0b37-4491-8c11-8365d8f5ddb1_open_the_pen,open the pen.,True,No additional details provided.,True,2025-09-14T11:36:07.658443,9.505941152572632,6.413459777832031e-05,72.91758012771606,82.42362689971924,32a9a683-0b37-4491-8c11-8365d8f5ddb1_open_the_pen.json
32ec7bda-c2d5-4876-a446-934d70242141_open_the_bottle,open the bottle,True,No additional details provided.,True,2025-09-13T14:57:52.637695,5.067287921905518,3.075599670410156e-05,104.61668872833252,109.68403482437134,32ec7bda-c2d5-4876-a446-934d70242141_open_the_bottle.json
33d9f9bf-f9a7-4064-a17a-e7e40f095ba6_open_the_pen_then_put_the_cap_in_the_paper_bag,open the pen then put the cap in the paper bag.,False,"chose a bad placement point on the bag, dropped the cap behind the bag",False,2025-09-14T12:17:05.445639,8.375373840332031,4.315376281738281e-05,119.00931406021118,127.38479399681091,33d9f9bf-f9a7-4064-a17a-e7e40f095ba6_open_the_pen_then_put_the_cap_in_the_paper_bag.json
378f4880-6310-4213-bc52-cc1ca628ecc0_open_the_cabinet_on_the_right,open the cabinet on the right,True,No additional details provided.,True,2025-09-13T12:26:04.436959,3.767331123352051,5.340576171875e-05,156.28921556472778,160.05663347244263,378f4880-6310-4213-bc52-cc1ca628ecc0_open_the_cabinet_on_the_right.json
38b97291-5d0c-44f1-a0e2-a0059ac15be1_open_the_pen,open the pen.,True,No additional details provided.,True,2025-09-14T11:24:24.483229,6.530641317367554,4.553794860839844e-05,74.3502471446991,80.88095688819885,38b97291-5d0c-44f1-a0e2-a0059ac15be1_open_the_pen.json
3dcf7c9d-6799-40b8-a28c-76d63d3925e1_open_the_bottle,open the bottle,False,failed to detect the counter,False,2025-09-13T15:00:06.021604,6.946685552597046,4.696846008300781e-05,16.849014282226562,23.795781135559082,3dcf7c9d-6799-40b8-a28c-76d63d3925e1_open_the_bottle.json
403500a6-7c11-4c13-ab9c-144682162766_open_the_pen,open the pen.,False,failed to pull of the cap,False,2025-09-14T11:29:27.362750,5.238342761993408,2.9087066650390625e-05,76.68148946762085,81.91988635063171,403500a6-7c11-4c13-ab9c-144682162766_open_the_pen.json
40b4975e-61de-4371-8c5b-f8486c822390_open_the_pen_then_put_the_cap_in_the_paper_bag,open the pen then put the cap in the paper bag.,True,No additional details provided.,True,2025-09-14T12:43:26.001977,8.345975399017334,3.790855407714844e-05,108.01110887527466,116.35714602470398,40b4975e-61de-4371-8c5b-f8486c822390_open_the_pen_then_put_the_cap_in_the_paper_bag.json
44314289-4a42-45e7-8aad-cce37c0b5aa7_move_the_towel_to_the_paper_bag_then_open_the_cabi,move the towel to the paper bag then open the cabinet on the right,True,No additional details provided.,True,2025-09-13T13:46:37.530267,7.174509525299072,6.461143493652344e-05,228.10515975952148,235.27977013587952,44314289-4a42-45e7-8aad-cce37c0b5aa7_move_the_towel_to_the_paper_bag_then_open_the_cabi.json
46d8512c-de8d-420e-85cb-6fb42c794548_move_the_towel_to_the_paper_bag_then_open_the_cabi,move the towel to the paper bag then open the cabinet on the right,True,No additional details provided.,True,2025-09-13T13:41:41.992286,9.051996231079102,6.461143493652344e-05,242.94072198867798,251.99282479286194,46d8512c-de8d-420e-85cb-6fb42c794548_move_the_towel_to_the_paper_bag_then_open_the_cabi.json
4c917f64-9a73-446b-9ed9-985b5e661c99_move_the_towel_to_the_paper_bag_then_open_the_pen,move the towel to the paper bag then open the pen,True,No additional details provided.,True,2025-09-14T13:26:45.140992,13.710536479949951,4.935264587402344e-05,160.5546944141388,174.2653250694275,4c917f64-9a73-446b-9ed9-985b5e661c99_move_the_towel_to_the_paper_bag_then_open_the_pen.json
55072359-a25a-42e5-ae5e-f37117401895_open_the_bottle,open the bottle,True,No additional details provided.,True,2025-09-13T14:53:14.639130,7.182866811752319,4.410743713378906e-05,110.14339852333069,117.32634711265564,55072359-a25a-42e5-ae5e-f37117401895_open_the_bottle.json
55bd9af8-20a9-4ffe-9359-b3a4746015e4_open_the_bottle_and_put_the_cap_in_the_paper_bag,open the bottle and put the cap in the paper bag,True,No additional details provided.,True,2025-09-13T17:12:41.896281,5.804020881652832,3.600120544433594e-05,119.42307758331299,125.22716116905212,55bd9af8-20a9-4ffe-9359-b3a4746015e4_open_the_bottle_and_put_the_cap_in_the_paper_bag.json
58a65959-fd65-4ad3-bf14-b24c2e35234b_open_the_cabinet_on_the_right,open the cabinet on the right,True,No additional details provided.,True,2025-09-13T12:18:38.213052,3.445887327194214,5.841255187988281e-05,159.61813235282898,163.06412744522095,58a65959-fd65-4ad3-bf14-b24c2e35234b_open_the_cabinet_on_the_right.json
60e4307d-de47-41cd-9732-e98671db11aa_take_the_towel_out_of_the_cabinet_on_the_right,take the towel out of the cabinet on the right,True,No additional details provided.,True,2025-09-13T14:23:20.143365,5.7735679149627686,5.936622619628906e-05,219.59185671806335,225.3655288219452,60e4307d-de47-41cd-9732-e98671db11aa_take_the_towel_out_of_the_cabinet_on_the_right.json
63c0adb6-2cff-4008-8648-ee5ec15117ee_move_the_towel_to_the_paper_bag_then_open_the_pen,move the towel to the paper bag then open the pen,False,side grasp chosen + bad depth lead to huge gripper offset and failure to grasp the cap,False,2025-09-14T13:44:27.992654,7.975265979766846,4.220008850097656e-05,199.27903938293457,207.2543761730194,63c0adb6-2cff-4008-8648-ee5ec15117ee_move_the_towel_to_the_paper_bag_then_open_the_pen.json
656a7ca0-fba6-4a26-8cab-a9e9fa34218c_open_the_pen_then_put_the_cap_in_the_paper_bag,open the pen then put the cap in the paper bag.,False,"side grasp, failed to get a grip on the marker",False,2025-09-14T12:14:03.600490,10.949769496917725,3.409385681152344e-05,85.21987676620483,96.16970801353455,656a7ca0-fba6-4a26-8cab-a9e9fa34218c_open_the_pen_then_put_the_cap_in_the_paper_bag.json
6897386d-3477-4a5a-bcb6-248dab4279de_move_the_towel_to_the_paper_bag_then_open_the_cabi,move the towel to the paper bag then open the cabinet on the right,True,No additional details provided.,True,2025-09-13T13:09:00.352053,6.617303133010864,6.127357482910156e-05,264.63976073265076,271.25716972351074,6897386d-3477-4a5a-bcb6-248dab4279de_move_the_towel_to_the_paper_bag_then_open_the_cabi.json
6bf383d4-590d-404b-8c5b-2074e3513958_move_the_towel_to_the_paper_bag_then_open_the_pen,move the towel to the paper bag then open the pen,True,No additional details provided.,True,2025-09-14T13:20:42.414529,12.470028162002563,8.440017700195312e-05,172.62819266319275,185.09836316108704,6bf383d4-590d-404b-8c5b-2074e3513958_move_the_towel_to_the_paper_bag_then_open_the_pen.json
70bc41ca-6a61-45d7-84c9-f3e008b048ba_move_the_towel_to_the_paper_bag_then_open_the_cabi,move the towel to the paper bag then open the cabinet on the right,True,No additional details provided.,True,2025-09-13T13:14:10.004541,7.561631441116333,4.267692565917969e-05,254.16227889060974,261.72397899627686,70bc41ca-6a61-45d7-84c9-f3e008b048ba_move_the_towel_to_the_paper_bag_then_open_the_cabi.json
7169ae32-4e5c-40da-8e66-2a59f91d2ffa_open_the_bottle,open the bottle,True,No additional details provided.,True,2025-09-13T14:46:54.815973,6.181708812713623,7.081031799316406e-05,110.27140235900879,116.45328950881958,7169ae32-4e5c-40da-8e66-2a59f91d2ffa_open_the_bottle.json
718f7c73-36ac-4e86-a525-aa4ff0518258_move_the_towel_to_the_paper_bag_then_open_the_pen,move the towel to the paper bag then open the pen,True,No additional details provided.,True,2025-09-14T13:33:56.337499,10.541632175445557,3.647804260253906e-05,162.49404668807983,173.0357391834259,718f7c73-36ac-4e86-a525-aa4ff0518258_move_the_towel_to_the_paper_bag_then_open_the_pen.json
7273b08a-dc8b-4628-b969-f5cd212958ca_move_the_towel_to_the_paper_bag_then_open_the_bott,move the towel to the paper bag then open the bottle,False,wasn't able to get a good grasp on the towel + collision with the counter so couldn't detect the bottle,False,2025-09-13T18:04:54.165849,9.768030166625977,0.0001575946807861328,154.7357132434845,164.52137327194214,7273b08a-dc8b-4628-b969-f5cd212958ca_move_the_towel_to_the_paper_bag_then_open_the_bott.json
79c958e1-3dc9-4dcc-afaa-6e1516b82f1a_open_the_pen_then_put_the_cap_in_the_paper_bag,open the pen then put the cap in the paper bag.,False,"chose side grasp, failed to remove grasp after slip",False,2025-09-14T12:53:44.326730,17.851258993148804,3.647804260253906e-05,141.83797812461853,159.68930172920227,79c958e1-3dc9-4dcc-afaa-6e1516b82f1a_open_the_pen_then_put_the_cap_in_the_paper_bag.json
83613beb-4de0-4398-baf8-610817024e86_take_the_towel_out_of_the_cabinet_on_the_right,take the towel out of the cabinet on the right,False,bad grasp on towel failed to remove it,False,2025-09-13T14:31:58.684501,6.8133625984191895,3.361701965332031e-05,186.07147789001465,192.88490200042725,83613beb-4de0-4398-baf8-610817024e86_take_the_towel_out_of_the_cabinet_on_the_right.json
86fea69d-bf84-4834-aeb0-d1db1ac197e8_open_the_bottle_and_put_the_cap_in_the_paper_bag,open the bottle and put the cap in the paper bag,True,No additional details provided.,True,2025-09-13T17:07:27.499700,8.000958681106567,3.0994415283203125e-05,98.93813800811768,106.93914866447449,86fea69d-bf84-4834-aeb0-d1db1ac197e8_open_the_bottle_and_put_the_cap_in_the_paper_bag.json
88fae811-5c62-407c-94f3-d71c9a551640_move_the_towel_to_the_paper_bag_then_open_the_bott,move the towel to the paper bag then open the bottle,False,grasped the towel but failed to fully pull it off the bottle so failed to detect the bottle,False,2025-09-13T17:57:39.457745,5.0666420459747314,3.457069396972656e-05,119.8579409122467,124.92464113235474,88fae811-5c62-407c-94f3-d71c9a551640_move_the_towel_to_the_paper_bag_then_open_the_bott.json
8b2016fc-a243-4b53-b18b-7c8b019256db_move_the_towel_to_the_paper_bag_then_open_the_cabi,move the towel to the paper bag then open the cabinet on the right,False,bad grip on the cabinet slipped off durring pull,False,2025-09-13T13:19:31.381160,7.817380905151367,5.7697296142578125e-05,238.67167711257935,246.48915314674377,8b2016fc-a243-4b53-b18b-7c8b019256db_move_the_towel_to_the_paper_bag_then_open_the_cabi.json
97e88206-d2f3-4401-a7a7-4ac3b57ccc32_open_the_bottle,open the bottle,True,No additional details provided.,True,2025-09-13T14:55:35.143591,5.741180419921875,4.00543212890625e-05,103.94314360618591,109.68440127372742,97e88206-d2f3-4401-a7a7-4ac3b57ccc32_open_the_bottle.json
982711ff-b180-4833-b1a7-4a8ca46b8140_take_the_towel_out_of_the_cabinet_on_the_right,take the towel out of the cabinet on the right,False,tried to detect the counter and failed,False,2025-09-13T14:14:40.117273,10.010331392288208,5.793571472167969e-05,148.83875179290771,158.8491952419281,982711ff-b180-4833-b1a7-4a8ca46b8140_take_the_towel_out_of_the_cabinet_on_the_right.json
9c5ae2e5-eba3-4530-a8fe-3f68c529d69f_take_the_towel_out_of_the_cabinet_on_the_right,take the towel out of the cabinet on the right,False,tried and failed to detect the counter,False,2025-09-13T14:06:38.445800,7.0374815464019775,4.7206878662109375e-05,152.8431417942047,159.88070011138916,9c5ae2e5-eba3-4530-a8fe-3f68c529d69f_take_the_towel_out_of_the_cabinet_on_the_right.json
9de7052a-827e-41a0-82c7-c1cc0fbe7c2f_open_the_bottle,open the bottle,True,No additional details provided.,True,2025-09-13T14:50:58.880060,5.5388267040252686,3.266334533691406e-05,103.68549633026123,109.22438359260559,9de7052a-827e-41a0-82c7-c1cc0fbe7c2f_open_the_bottle.json
a51b578c-2d8b-4ed1-9708-7b81386ccbfc_open_the_cabinet_on_the_right,open the cabinet on the right,False,chose an interaction point on the left cabinet despite a valid point being on the right cabinet,False,2025-09-13T12:37:21.174397,3.6144986152648926,0.008405685424804688,106.43158769607544,110.05457472801208,a51b578c-2d8b-4ed1-9708-7b81386ccbfc_open_the_cabinet_on_the_right.json
a5c7ada4-a663-44d2-b1d0-363cdf4362de_open_the_cabinet_on_the_right,open the cabinet on the right,True,No additional details provided.,True,2025-09-13T12:09:59.895142,4.514580965042114,4.649162292480469e-05,147.64696669578552,152.16168642044067,a5c7ada4-a663-44d2-b1d0-363cdf4362de_open_the_cabinet_on_the_right.json
a74378fb-8f7d-4f57-88fe-095ba813ee1d_open_the_pen_then_put_the_cap_in_the_paper_bag,open the pen then put the cap in the paper bag.,True,No additional details provided.,True,2025-09-14T12:10:57.131727,5.300780296325684,4.0531158447265625e-05,139.13558745384216,144.43647933006287,a74378fb-8f7d-4f57-88fe-095ba813ee1d_open_the_pen_then_put_the_cap_in_the_paper_bag.json
af04bcf0-4afe-44a2-81b5-97d42ae540cb_move_the_towel_to_the_paper_bag_then_open_the_bott,move the towel to the paper bag then open the bottle,True,No additional details provided.,True,2025-09-13T17:54:16.035503,6.145556926727295,3.600120544433594e-05,157.5507779121399,163.69640254974365,af04bcf0-4afe-44a2-81b5-97d42ae540cb_move_the_towel_to_the_paper_bag_then_open_the_bott.json
b60f467b-04c8-4177-891f-d476e85cf346_take_the_towel_out_of_the_cabinet_on_the_right,take the towel out of the cabinet on the right,False,tried to detect the counter again and failed,False,2025-09-13T14:18:04.883857,7.087416887283325,4.410743713378906e-05,152.5119013786316,159.59939169883728,b60f467b-04c8-4177-891f-d476e85cf346_take_the_towel_out_of_the_cabinet_on_the_right.json
b83c11cb-5b38-4aa7-862e-b3bc5d84f14e_open_the_bottle_and_put_the_cap_in_the_paper_bag,open the bottle and put the cap in the paper bag,False,the cap missed the bag when dropped,False,2025-09-13T16:39:25.056792,6.572296619415283,4.363059997558594e-05,158.84750723838806,165.41987991333008,b83c11cb-5b38-4aa7-862e-b3bc5d84f14e_open_the_bottle_and_put_the_cap_in_the_paper_bag.json
b84dacde-b3c8-4e0d-890b-f5ecbb1b9a63_open_the_pen,open the pen.,True,No additional details provided.,True,2025-09-14T11:10:13.599152,9.135111808776855,4.410743713378906e-05,61.72356200218201,70.8587486743927,b84dacde-b3c8-4e0d-890b-f5ecbb1b9a63_open_the_pen.json
bf36d2f2-42a3-4f9a-8d2f-ad9b9c869438_move_the_towel_to_the_paper_bag_then_open_the_bott,move the towel to the paper bag then open the bottle,True,No additional details provided.,True,2025-09-13T17:50:31.153574,5.7790844440460205,3.790855407714844e-05,177.84942603111267,183.6285753250122,bf36d2f2-42a3-4f9a-8d2f-ad9b9c869438_move_the_towel_to_the_paper_bag_then_open_the_bott.json
c0dcfb19-f9ee-411e-a1fc-b8994394ad25_open_the_pen,open the pen.,False,"no valid grasp point generated on cap, skill failed",False,2025-09-14T11:41:53.311317,8.546624422073364,5.53131103515625e-05,76.62197709083557,85.16871285438538,c0dcfb19-f9ee-411e-a1fc-b8994394ad25_open_the_pen.json
c2328591-02e2-4c97-8997-c2d25a076501_move_the_towel_to_the_paper_bag_then_open_the_pen,move the towel to the paper bag then open the pen,True,No additional details provided.,True,2025-09-14T13:11:27.657095,12.705376625061035,4.315376281738281e-05,146.96865940093994,159.67410564422607,c2328591-02e2-4c97-8997-c2d25a076501_move_the_towel_to_the_paper_bag_then_open_the_pen.json
c30869b0-662c-45f3-8989-de79fcbd05ae_move_the_towel_to_the_paper_bag_then_open_the_cabi,move the towel to the paper bag then open the cabinet on the right,True,No additional details provided.,True,2025-09-13T13:26:15.133603,6.506381273269653,3.790855407714844e-05,217.95889735221863,224.46534419059753,c30869b0-662c-45f3-8989-de79fcbd05ae_move_the_towel_to_the_paper_bag_then_open_the_cabi.json
c4776c42-3a4c-4377-8500-b40e65e416c5_open_the_pen,open the pen.,True,No additional details provided.,True,2025-09-14T11:38:09.433425,6.901048183441162,3.0517578125e-05,82.18596267700195,89.08706974983215,c4776c42-3a4c-4377-8500-b40e65e416c5_open_the_pen.json
c5b21bfb-a9e4-4e1f-a688-b5561963ba2a_open_the_cabinet_on_the_right,open the cabinet on the right,True,No additional details provided.,True,2025-09-13T12:01:23.296829,5.179617643356323,4.291534423828125e-05,234.0018539428711,239.1815469264984,c5b21bfb-a9e4-4e1f-a688-b5561963ba2a_open_the_cabinet_on_the_right.json
ccf83789-8dc4-434c-8c26-26bc74f25b4b_move_the_towel_to_the_paper_bag_then_open_the_bott,move the towel to the paper bag then open the bottle,False,bad grasp on towel failed to remove it from the bottle then failed to detect the bottle,False,2025-09-13T17:26:18.535715,10.007714748382568,3.647804260253906e-05,112.51965522766113,122.52743196487427,ccf83789-8dc4-434c-8c26-26bc74f25b4b_move_the_towel_to_the_paper_bag_then_open_the_bott.json
d0409a40-ba60-43e0-8ba9-a369f3ffc566_open_the_pen,open the pen.,True,No additional details provided.,True,2025-09-14T11:22:29.959860,8.133504152297974,2.86102294921875e-05,64.7417962551117,72.87535071372986,d0409a40-ba60-43e0-8ba9-a369f3ffc566_open_the_pen.json
d51e6c06-d446-4460-ba52-3cb0a6c3d0ea_open_the_bottle,open the bottle,True,No additional details provided.,True,2025-09-13T16:35:37.322460,7.451217174530029,5.0067901611328125e-05,105.21022725105286,112.66153764724731,d51e6c06-d446-4460-ba52-3cb0a6c3d0ea_open_the_bottle.json
d64c73af-17f0-4d67-a9aa-d5cccab7964d_open_the_bottle_and_put_the_cap_in_the_paper_bag,open the bottle and put the cap in the paper bag,True,No additional details provided.,True,2025-09-13T17:22:37.430063,5.836704969406128,4.291534423828125e-05,115.97801232337952,121.81479334831238,d64c73af-17f0-4d67-a9aa-d5cccab7964d_open_the_bottle_and_put_the_cap_in_the_paper_bag.json
d729fb57-408d-40ae-9f83-11fe5bee1774_move_the_towel_to_the_paper_bag_then_open_the_pen,move the towel to the paper bag then open the pen,True,No additional details provided.,True,2025-09-14T13:30:26.923944,12.801690816879272,4.601478576660156e-05,153.34896230697632,166.150723695755,d729fb57-408d-40ae-9f83-11fe5bee1774_move_the_towel_to_the_paper_bag_then_open_the_pen.json
d75ca3b0-1cf5-43cc-9090-43f394faf509_move_the_towel_to_the_paper_bag_then_open_the_bott,move the towel to the paper bag then open the bottle,False,failed to grip towel and then failed to detect bottle,False,2025-09-13T17:36:00.335647,7.871095418930054,4.363059997558594e-05,132.1363010406494,140.00746655464172,d75ca3b0-1cf5-43cc-9090-43f394faf509_move_the_towel_to_the_paper_bag_then_open_the_bott.json
d8f8808f-b36a-42cd-9428-d2749aa3d835_open_the_bottle_and_put_the_cap_in_the_paper_bag,open the bottle and put the cap in the paper bag,True,No additional details provided.,True,2025-09-13T17:19:57.380063,12.610097408294678,3.4332275390625e-05,113.41480326652527,126.0249650478363,d8f8808f-b36a-42cd-9428-d2749aa3d835_open_the_bottle_and_put_the_cap_in_the_paper_bag.json
db6fa92f-14ba-4784-9430-77b72dc73608_move_the_towel_to_the_paper_bag_then_open_the_pen,move the towel to the paper bag then open the pen,False,"side grasp chosen, then bad motion path, had to hit estop so it didn;t go through the counter",False,2025-09-14T13:40:27.274259,8.401305437088013,3.647804260253906e-05,148.51010036468506,156.91146159172058,db6fa92f-14ba-4784-9430-77b72dc73608_move_the_towel_to_the_paper_bag_then_open_the_pen.json
db983d2c-cb5e-459e-938b-87124421cf6b_take_the_towel_out_of_the_cabinet_on_the_right,take the towel out of the cabinet on the right,True,No additional details provided.,True,2025-09-13T14:10:15.119857,7.542908430099487,5.221366882324219e-05,203.91834950447083,211.4613537788391,db983d2c-cb5e-459e-938b-87124421cf6b_take_the_towel_out_of_the_cabinet_on_the_right.json
dc9bffb6-61e7-47d7-9d53-7d7adef3f8f8_move_the_towel_to_the_paper_bag_then_open_the_pen,move the towel to the paper bag then open the pen,False,bad depth for towel placement leading it to be placed behind the bag,False,2025-09-14T13:57:26.487653,12.413849830627441,3.814697265625e-05,118.22145390510559,130.63537287712097,dc9bffb6-61e7-47d7-9d53-7d7adef3f8f8_move_the_towel_to_the_paper_bag_then_open_the_pen.json
dfe360e6-563b-4d02-9aa2-9299b3c44666_take_the_towel_out_of_the_cabinet_on_the_right,take the towel out of the cabinet on the right,False,chose a point on the left cabinet handle despite 3 valid points on the right cabinet handle,False,2025-09-13T13:59:27.472925,5.063338279724121,3.743171691894531e-05,102.9129467010498,107.97634959220886,dfe360e6-563b-4d02-9aa2-9299b3c44666_take_the_towel_out_of_the_cabinet_on_the_right.json
e0874461-8989-4383-b1fa-5861cab17df7_open_the_pen_then_put_the_cap_in_the_paper_bag,open the pen then put the cap in the paper bag.,False,side grasp selected cap slipped out of grasp,False,2025-09-14T12:57:56.926075,4.884787559509277,6.937980651855469e-05,117.24488806724548,122.12978649139404,e0874461-8989-4383-b1fa-5861cab17df7_open_the_pen_then_put_the_cap_in_the_paper_bag.json
e16af68a-ed10-443c-a428-1920ad8dac14_move_the_towel_to_the_paper_bag_then_open_the_cabi,move the towel to the paper bag then open the cabinet on the right,True,No additional details provided.,True,2025-09-13T13:30:54.663809,11.531962156295776,4.410743713378906e-05,276.4658875465393,287.9979202747345,e16af68a-ed10-443c-a428-1920ad8dac14_move_the_towel_to_the_paper_bag_then_open_the_cabi.json
e3328cb4-ee88-4925-852f-f9728cf812b1_open_the_cabinet_on_the_right,open the cabinet on the right,True,No additional details provided.,True,2025-09-13T12:40:10.220253,4.424945116043091,5.078315734863281e-05,151.30022406578064,155.72526454925537,e3328cb4-ee88-4925-852f-f9728cf812b1_open_the_cabinet_on_the_right.json
e7cd8a4a-de46-4950-ac69-3b8e4caa136e_open_the_bottle_and_put_the_cap_in_the_paper_bag,open the bottle and put the cap in the paper bag,True,No additional details provided.,True,2025-09-13T16:49:59.888882,6.196614980697632,3.314018249511719e-05,149.41140389442444,155.60807919502258,e7cd8a4a-de46-4950-ac69-3b8e4caa136e_open_the_bottle_and_put_the_cap_in_the_paper_bag.json
ec7d05be-a2d9-48db-af11-497a9e021a8d_move_the_towel_to_the_paper_bag_then_open_the_bott,move the towel to the paper bag then open the bottle,False,bad grasp on towel failed to remove it from the bottle then failed to detect the bottle,False,2025-09-13T17:32:41.313597,10.33800458908081,5.078315734863281e-05,125.75831460952759,136.0974578857422,ec7d05be-a2d9-48db-af11-497a9e021a8d_move_the_towel_to_the_paper_bag_then_open_the_bott.json
ec8fbfed-f578-4911-a5c4-e974a89a4d7f_open_the_cabinet_on_the_right,open the cabinet on the right,False,no valid points of interest located no plan possible,False,2025-09-13T12:15:54.628301,5.003787279129028,3.24249267578125e-05,104.50462532043457,109.50847339630127,ec8fbfed-f578-4911-a5c4-e974a89a4d7f_open_the_cabinet_on_the_right.json
ed86b464-48bb-4dfe-bc8b-f82e1d53fa16_open_the_bottle_and_put_the_cap_in_the_paper_bag,open the bottle and put the cap in the paper bag,True,No additional details provided.,True,2025-09-13T17:05:01.271080,5.84032940864563,4.1484832763671875e-05,102.34156250953674,108.18195819854736,ed86b464-48bb-4dfe-bc8b-f82e1d53fa16_open_the_bottle_and_put_the_cap_in_the_paper_bag.json
eed6acab-0557-4eb3-9516-6301a4356401_move_the_towel_to_the_paper_bag_then_open_the_cabi,move the towel to the paper bag then open the cabinet on the right,False,detected the cabinet before removing the towel so no valid points on the right cabinet handle,False,2025-09-13T13:36:26.667460,8.642139911651611,3.790855407714844e-05,224.97653460502625,233.61873722076416,eed6acab-0557-4eb3-9516-6301a4356401_move_the_towel_to_the_paper_bag_then_open_the_cabi.json
f44f30cf-42b7-4819-92de-6487d8cc6ae2_move_the_towel_to_the_paper_bag_then_open_the_pen,move the towel to the paper bag then open the pen,False,bad grasp on towel failed to remove from the marker,False,2025-09-14T13:53:36.983146,17.04027819633484,3.3855438232421875e-05,120.82672595977783,137.86705923080444,f44f30cf-42b7-4819-92de-6487d8cc6ae2_move_the_towel_to_the_paper_bag_then_open_the_pen.json
f4e7954a-ded9-4f5e-b9be-a811db57dc39_open_the_pen_then_put_the_cap_in_the_paper_bag,open the pen then put the cap in the paper bag.,True,No additional details provided.,True,2025-09-14T13:08:14.780957,9.808751821517944,3.3855438232421875e-05,97.72908282279968,107.5378930568695,f4e7954a-ded9-4f5e-b9be-a811db57dc39_open_the_pen_then_put_the_cap_in_the_paper_bag.json
f6d01822-caf7-48fe-8893-f5a8d6d4bda9_open_the_cabinet_on_the_right,open the cabinet on the right,True,No additional details provided.,True,2025-09-13T12:33:06.555325,4.370039939880371,7.2479248046875e-05,186.20267057418823,190.5728416442871,f6d01822-caf7-48fe-8893-f5a8d6d4bda9_open_the_cabinet_on_the_right.json
f74cde1c-b69d-4845-9242-bf71ef9fcba4_open_the_bottle_and_put_the_cap_in_the_paper_bag,open the bottle and put the cap in the paper bag,False,bad grasp point selected on the bottle grasped at the middle point of the bottle despite valid point available,False,2025-09-13T17:09:45.470739,7.970875263214111,6.556510925292969e-05,62.04026460647583,70.01124620437622,f74cde1c-b69d-4845-9242-bf71ef9fcba4_open_the_bottle_and_put_the_cap_in_the_paper_bag.json
f76af550-7955-447b-8e2e-4643ce79c5ed_open_the_pen_then_put_the_cap_in_the_paper_bag,open the pen then put the cap in the paper bag.,False,"good plan, bad place point selecteed dropped cap behind the bag",False,2025-09-14T12:39:24.665382,11.887503147125244,5.936622619628906e-05,115.34607553482056,127.23368430137634,f76af550-7955-447b-8e2e-4643ce79c5ed_open_the_pen_then_put_the_cap_in_the_paper_bag.json
fa2185f7-bcb9-45bc-97b6-d2357bb38295_open_the_cabinet_on_the_right,open the cabinet on the right,True,No additional details provided.,True,2025-09-13T12:43:21.044595,3.3552093505859375,7.414817810058594e-05,158.5706079006195,161.92594599723816,fa2185f7-bcb9-45bc-97b6-d2357bb38295_open_the_cabinet_on_the_right.json
